{"cameraMode":{"drawMode":0,"name":"Shaded","section":"Shading Mode"},"sceneLighting":false,"audioPlay":false,"sceneViewState":{"m_AlwaysRefresh":false,"showFog":true,"showSkybox":false,"showFlares":true,"showImageEffects":true,"showParticleSystems":true,"showVisualEffectGraphs":true,"m_FxEnabled":true},"in2DMode":false,"pivot":{"x":0.062322378158569339,"y":-0.17908227443695069,"z":0.18297898769378663},"rotation":{"x":-0.17527897655963899,"y":0.3913491666316986,"z":-0.07620158046483994,"w":-0.9001778960227966},"size":2.7862534523010256,"orthographic":false}