{"cameraMode":{"drawMode":0,"name":"Shaded","section":"Shading Mode"},"sceneLighting":false,"audioPlay":false,"sceneViewState":{"m_AlwaysRefresh":false,"showFog":true,"showSkybox":false,"showFlares":true,"showImageEffects":true,"showParticleSystems":true,"showVisualEffectGraphs":true,"m_FxEnabled":true},"in2DMode":false,"pivot":{"x":0.26703011989593508,"y":-0.22119659185409547,"z":0.35462749004364016},"rotation":{"x":-0.18761713802814485,"y":0.33882251381874087,"z":-0.06914446502923966,"w":-0.9193591475486755},"size":0.9384162425994873,"orthographic":false}