{"cameraMode":{"drawMode":0,"name":"Shaded","section":"Shading Mode"},"sceneLighting":false,"audioPlay":false,"sceneViewState":{"m_AlwaysRefresh":false,"showFog":true,"showSkybox":false,"showFlares":true,"showImageEffects":true,"showParticleSystems":true,"showVisualEffectGraphs":true,"m_FxEnabled":true},"in2DMode":false,"pivot":{"x":0.4604645371437073,"y":-0.967698335647583,"z":0.4390219449996948},"rotation":{"x":-0.4949551224708557,"y":-0.008604638278484345,"z":0.004902091342955828,"w":-0.8688653707504273},"size":1.5038377046585084,"orthographic":false}