{"cameraMode":{"drawMode":0,"name":"Shaded","section":"Shading Mode"},"sceneLighting":false,"audioPlay":false,"sceneViewState":{"m_AlwaysRefresh":false,"showFog":true,"showSkybox":false,"showFlares":true,"showImageEffects":true,"showParticleSystems":true,"showVisualEffectGraphs":true,"m_FxEnabled":true},"in2DMode":false,"pivot":{"x":0.21252769231796266,"y":0.09274351596832276,"z":-2.011247396469116},"rotation":{"x":-0.016235318034887315,"y":-0.9808911085128784,"z":0.16969777643680573,"w":-0.09385500848293305},"size":2.5227572917938234,"orthographic":false}