{"cameraMode":{"drawMode":0,"name":"Shaded","section":"Shading Mode"},"sceneLighting":true,"audioPlay":false,"sceneViewState":{"m_AlwaysRefresh":false,"showFog":true,"showSkybox":true,"showFlares":true,"showImageEffects":true,"showParticleSystems":true,"showVisualEffectGraphs":true,"m_FxEnabled":true},"in2DMode":false,"pivot":{"x":0.0749615803360939,"y":0.2111959457397461,"z":2.164130449295044},"rotation":{"x":-0.6785743832588196,"y":0.0015351823531091214,"z":-0.0014295557048171759,"w":-0.7345491051673889},"size":4.576838493347168,"orthographic":false}