{"cameraMode":{"drawMode":0,"name":"Shaded","section":"Shading Mode"},"sceneLighting":true,"audioPlay":false,"sceneViewState":{"m_AlwaysRefresh":false,"showFog":true,"showSkybox":true,"showFlares":true,"showImageEffects":true,"showParticleSystems":true,"showVisualEffectGraphs":true,"m_FxEnabled":true},"in2DMode":false,"pivot":{"x":-0.20605157315731049,"y":-1.821690559387207,"z":-0.4885416030883789},"rotation":{"x":-0.5574438571929932,"y":-0.004484478384256363,"z":0.003014745656400919,"w":-0.830207347869873},"size":6.118807792663574,"orthographic":false}