{"cameraMode":{"drawMode":0,"name":"Shaded","section":"Shading Mode"},"sceneLighting":true,"audioPlay":false,"sceneViewState":{"m_AlwaysRefresh":false,"showFog":true,"showSkybox":true,"showFlares":true,"showImageEffects":true,"showParticleSystems":true,"showVisualEffectGraphs":true,"m_FxEnabled":true},"in2DMode":false,"pivot":{"x":3.4416160583496095,"y":0.23549985885620118,"z":6.205625534057617},"rotation":{"x":0.28557631373405459,"y":0.6685438752174377,"z":-0.31212761998176577,"w":0.611645519733429},"size":5.244287490844727,"orthographic":false}