{"cameraMode":{"drawMode":0,"name":"Shaded","section":"Shading Mode"},"sceneLighting":true,"audioPlay":false,"sceneViewState":{"m_AlwaysRefresh":false,"showFog":true,"showSkybox":true,"showFlares":true,"showImageEffects":true,"showParticleSystems":true,"showVisualEffectGraphs":true,"m_FxEnabled":true},"in2DMode":false,"pivot":{"x":5.214761257171631,"y":0.3221700191497803,"z":7.5291972160339359},"rotation":{"x":-0.12892641127109528,"y":-0.018744342029094697,"z":0.00243388838134706,"w":-0.9914863109588623},"size":1.7610905170440674,"orthographic":false}