{"cameraMode":{"drawMode":0,"name":"Shaded","section":"Shading Mode"},"sceneLighting":true,"audioPlay":false,"sceneViewState":{"m_AlwaysRefresh":false,"showFog":true,"showSkybox":true,"showFlares":true,"showImageEffects":true,"showParticleSystems":true,"showVisualEffectGraphs":true,"m_FxEnabled":true},"in2DMode":false,"pivot":{"x":11.963829040527344,"y":-3531.11083984375,"z":14.48917007446289},"rotation":{"x":-0.5129030346870422,"y":0.024967636913061143,"z":-0.014935609884560109,"w":-0.8579698801040649},"size":0.8660253882408142,"orthographic":false}