{"cameraMode":{"drawMode":0,"name":"Shaded","section":"Shading Mode"},"sceneLighting":true,"audioPlay":false,"sceneViewState":{"m_AlwaysRefresh":false,"showFog":true,"showSkybox":true,"showFlares":true,"showImageEffects":true,"showParticleSystems":true,"showVisualEffectGraphs":true,"m_FxEnabled":true},"in2DMode":false,"pivot":{"x":6.311436653137207,"y":0.12006652355194092,"z":6.429612159729004},"rotation":{"x":0.26111865043640139,"y":-0.030099904164671899,"z":0.00815668422728777,"w":0.9648222327232361},"size":0.6486151218414307,"orthographic":false}