{"cameraMode":{"drawMode":0,"name":"Shaded","section":"Shading Mode"},"sceneLighting":false,"audioPlay":false,"sceneViewState":{"m_AlwaysRefresh":false,"showFog":true,"showSkybox":false,"showFlares":true,"showImageEffects":true,"showParticleSystems":true,"showVisualEffectGraphs":true,"m_FxEnabled":true},"in2DMode":false,"pivot":{"x":0.0398256778717041,"y":0.9268091917037964,"z":-0.047635287046432498},"rotation":{"x":-0.475057452917099,"y":-0.02850360982120037,"z":0.01540097314864397,"w":-0.8793686628341675},"size":1.2527074813842774,"orthographic":false}